{
  "Serial (Default)": {
    "name": "Serial (Default)",
    "times": [
      0.9355621337890625,
      0.9109797477722168,
      0.8948736190795898
    ],
    "mean": 0.9138051668802897,
    "median": 0.9109797477722168,
    "min": 0.8948736190795898,
    "max": 0.9355621337890625,
    "stdev": 0.020490877291320174,
    "successful_runs": 3
  },
  "Parallel 2-Core": {
    "name": "Parallel 2-Core",
    "times": [
      0.9091341495513916,
      0.922936201095581,
      0.9271509647369385
    ],
    "mean": 0.9197404384613037,
    "median": 0.922936201095581,
    "min": 0.9091341495513916,
    "max": 0.9271509647369385,
    "stdev": 0.009423963150846919,
    "successful_runs": 3
  },
  "Parallel 4-Core": {
    "name": "Parallel 4-Core",
    "times": [
      0.9097127914428711,
      0.9115748405456543,
      0.9199905395507812
    ],
    "mean": 0.9137593905131022,
    "median": 0.9115748405456543,
    "min": 0.9097127914428711,
    "max": 0.9199905395507812,
    "stdev": 0.005476058843969832,
    "successful_runs": 3
  },
  "Parallel 8-Core": {
    "name": "Parallel 8-Core",
    "times": [
      0.9358868598937988,
      0.950610876083374,
      0.9006333351135254
    ],
    "mean": 0.929043690363566,
    "median": 0.9358868598937988,
    "min": 0.9006333351135254,
    "max": 0.950610876083374,
    "stdev": 0.025681907586136473,
    "successful_runs": 3
  },
  "Max Parallel": {
    "name": "Max Parallel",
    "times": [
      0.903120756149292,
      0.8991506099700928,
      0.9239418506622314
    ],
    "mean": 0.9087377389272054,
    "median": 0.903120756149292,
    "min": 0.8991506099700928,
    "max": 0.9239418506622314,
    "stdev": 0.013315940650566897,
    "successful_runs": 3
  },
  "Optimized Parallel": {
    "name": "Optimized Parallel",
    "times": [
      0.9121618270874023,
      3.835813045501709,
      0.9305503368377686
    ],
    "mean": 1.8928417364756267,
    "median": 0.9305503368377686,
    "min": 0.9121618270874023,
    "max": 3.835813045501709,
    "stdev": 1.6826876314683619,
    "successful_runs": 3
  }
}
